client_id,first_name,last_name,email,country,sign_up_date
1,Dian,Cronk,dcronk0@si.edu,China,3/26/2025
2,Sutton,Tremayne,stremayne1@mozilla.com,France,1/22/2026
3,Jedidiah,Drewes,jdrewes2@ning.com,Japan,6/5/2025
4,Finlay,Eccleston,feccleston3@weibo.com,Bangladesh,6/11/2025
5,Brandea,Ramey,bramey4@hatena.ne.jp,China,11/5/2025
6,Sarita,Fedorchenko,sfedorchenko5@amazon.co.jp,Pakistan,2/22/2025
7,Gena,Vannini,gvannini6@arstechnica.com,Mongolia,10/31/2025
8,Jaymee,Loftin,jloftin7@free.fr,Japan,6/14/2025
9,Adiana,Enriquez,aenriquez8@quantcast.com,Indonesia,6/1/2025
10,Neila,Haly,nhaly9@eepurl.com,Indonesia,12/2/2025
11,Jefferey,Wasiela,jwasielaa@ebay.co.uk,China,3/31/2025
12,Arleen,Gooda,agoodab@macromedia.com,Argentina,8/4/2025
13,Cathi,Clemence,cclemencec@prweb.com,Indonesia,1/12/2026
14,Jyoti,Calam,jcalamd@nymag.com,Russia,10/13/2025
15,Rafaello,Folkes,rfolkese@ameblo.jp,Philippines,4/21/2025
16,Danell,Rawlcliffe,drawlcliffef@typepad.com,Peru,6/10/2025
17,Chrystal,Escritt,cescrittg@marketwatch.com,Indonesia,4/24/2025
18,Matthieu,Burdon,mburdonh@ucsd.edu,China,5/8/2025
19,Ibrahim,Hurlston,ihurlstoni@freewebs.com,China,4/10/2025
20,Jewelle,Plaskitt,jplaskittj@tinypic.com,Malaysia,1/18/2026
21,Bernette,Greatbatch,bgreatbatchk@nbcnews.com,Czech Republic,1/9/2026
22,Gwyneth,Scouller,gscoullerl@networksolutions.com,Greece,2/18/2025
23,Garik,Beirne,gbeirnem@mashable.com,Czech Republic,11/7/2025
24,Bryant,Yukhnini,byukhninin@fotki.com,Indonesia,8/18/2025
25,Saleem,Dossetter,sdossettero@msu.edu,Macedonia,2/1/2025
26,Dena,Jachimak,djachimakp@sogou.com,China,10/25/2025
27,Phyllys,Cartmael,pcartmaelq@utexas.edu,Indonesia,11/2/2025
28,Fonzie,MacGillreich,fmacgillreichr@timesonline.co.uk,Ukraine,6/15/2025
29,Latrena,Terrill,lterrills@ow.ly,Japan,6/6/2025
30,Starla,Errichi,serrichit@soundcloud.com,United States,1/22/2026
31,Langsdon,Sheaber,lsheaberu@posterous.com,Palestinian Territory,4/13/2025
32,Carrie,Dachey,cdacheyv@icq.com,Brazil,1/10/2026
33,Norrie,Squirrel,nsquirrelw@ox.ac.uk,Peru,8/26/2025
34,Antonetta,Whitehorne,awhitehornex@japanpost.jp,Guatemala,4/10/2025
35,Paige,McCorley,pmccorleyy@jigsy.com,Iceland,7/24/2025
36,Emmott,Dudny,edudnyz@purevolume.com,Morocco,10/30/2025
37,Trixi,Feldbaum,tfeldbaum10@angelfire.com,China,12/13/2025
38,Georgena,Caccavella,gcaccavella11@patch.com,Indonesia,3/12/2025
39,Moselle,Dowdeswell,mdowdeswell12@list-manage.com,Indonesia,8/5/2025
40,Aharon,Janusik,ajanusik13@businessinsider.com,Mexico,7/2/2025
41,Georges,Luddy,gluddy14@tumblr.com,China,11/28/2025
42,Melania,Mattsson,mmattsson15@phoca.cz,Poland,7/6/2025
43,Esra,Jarman,ejarman16@ameblo.jp,Brazil,10/18/2025
44,Lucais,Rantoul,lrantoul17@lulu.com,Russia,6/3/2025
45,Huey,Haysar,hhaysar18@1688.com,Albania,5/13/2025
46,Cammy,Gribbin,cgribbin19@cloudflare.com,China,3/16/2025
47,Donetta,Igo,digo1a@nhs.uk,Portugal,11/12/2025
48,Anatola,Montford,amontford1b@sciencedaily.com,Malaysia,9/10/2025
49,Cal,Truce,ctruce1c@theatlantic.com,Tanzania,10/17/2025
50,Malory,Trulocke,mtrulocke1d@mediafire.com,Latvia,10/30/2025
51,Juliann,MacEvilly,jmacevilly1e@theglobeandmail.com,China,1/23/2026
52,Berthe,Tite,btite1f@nytimes.com,South Africa,7/3/2025
53,Pen,Mitchall,pmitchall1g@eepurl.com,China,11/18/2025
54,Rafael,Rolfi,rrolfi1h@about.com,Poland,9/4/2025
55,Neile,Vreede,nvreede1i@a8.net,France,6/18/2025
56,Willie,Crielly,wcrielly1j@mysql.com,Syria,4/14/2025
57,Ty,Oliva,toliva1k@i2i.jp,Thailand,12/24/2025
58,Herold,Jordeson,hjordeson1l@uiuc.edu,Sweden,4/22/2025
59,Danella,Brandsen,dbrandsen1m@amazon.co.jp,Indonesia,3/11/2025
60,Whitney,Messer,wmesser1n@seattletimes.com,Nigeria,12/18/2025
61,Alejandra,Bryning,abryning1o@oracle.com,Afghanistan,10/12/2025
62,Channa,De Gregario,cdegregario1p@seattletimes.com,Peru,3/29/2025
63,Alfie,Du Barry,adubarry1q@list-manage.com,Nicaragua,3/27/2025
64,Pamela,Hampstead,phampstead1r@canalblog.com,China,3/11/2025
65,Auberon,Baynon,abaynon1s@google.com.au,Portugal,4/27/2025
66,Nappy,Mercer,nmercer1t@webeden.co.uk,Paraguay,1/13/2026
67,Patrice,Garlett,pgarlett1u@washington.edu,Russia,10/16/2025
68,Carter,Legg,clegg1v@booking.com,Pakistan,4/11/2025
69,Crystie,Simak,csimak1w@ucsd.edu,Montenegro,4/4/2025
70,Diahann,Barbera,dbarbera1x@latimes.com,Indonesia,7/27/2025
71,Cheryl,Obin,cobin1y@nps.gov,Sweden,9/16/2025
72,Warner,Kiddie,wkiddie1z@ocn.ne.jp,Japan,7/10/2025
73,Dina,Scorah,dscorah20@stanford.edu,Pakistan,8/1/2025
74,Mirabel,Frotton,mfrotton21@senate.gov,Indonesia,5/7/2025
75,Trace,Dimelow,tdimelow22@phoca.cz,Brazil,6/18/2025
76,Broderic,Warrack,bwarrack23@dion.ne.jp,Mauritius,6/21/2025
77,Warner,Work,wwork24@123-reg.co.uk,Slovenia,2/19/2025
78,Thelma,Woltman,twoltman25@imageshack.us,Nigeria,2/27/2025
79,Lonee,Lyford,llyford26@storify.com,Indonesia,11/25/2025
80,Alisander,Boyen,aboyen27@google.it,Peru,1/21/2026
81,D'arcy,Piburn,dpiburn28@seattletimes.com,Colombia,9/27/2025
82,Carlos,Paszek,cpaszek29@tumblr.com,Peru,10/27/2025
83,Slade,Murkitt,smurkitt2a@foxnews.com,Philippines,3/15/2025
84,Darin,Wilkisson,dwilkisson2b@newyorker.com,Cameroon,12/15/2025
85,Jeffrey,Paulton,jpaulton2c@nature.com,Honduras,12/24/2025
86,Kerr,Guesford,kguesford2d@sfgate.com,Malaysia,9/22/2025
87,Ailey,Wadley,awadley2e@nationalgeographic.com,Brazil,12/17/2025
88,Nikoletta,Coetzee,ncoetzee2f@google.co.jp,Indonesia,2/25/2025
89,Fitzgerald,Pendre,fpendre2g@slashdot.org,Greece,3/24/2025
90,Holt,Frissell,hfrissell2h@freewebs.com,Brazil,2/3/2025
91,Tiena,Schollar,tschollar2i@ftc.gov,France,12/26/2025
92,Munroe,Pley,mpley2j@creativecommons.org,Bolivia,5/20/2025
93,Felice,Annott,fannott2k@europa.eu,China,9/8/2025
94,Ellwood,Morratt,emorratt2l@prnewswire.com,Philippines,6/21/2025
95,Jazmin,Garrick,jgarrick2m@icio.us,China,1/30/2025
96,Lori,Bernardon,lbernardon2n@hhs.gov,Thailand,6/21/2025
97,Kristian,Sabberton,ksabberton2o@wired.com,Philippines,11/9/2025
98,Peterus,McKelvie,pmckelvie2p@csmonitor.com,China,9/13/2025
99,Cristen,Doge,cdoge2q@creativecommons.org,Indonesia,10/27/2025
100,Sabrina,Godfrey,sgodfrey2r@nifty.com,Bulgaria,11/12/2025
101,Anya,Arnal,aarnal2s@privacy.gov.au,Turkmenistan,12/4/2025
102,Jannelle,Vallintine,jvallintine2t@un.org,China,2/5/2025
103,Melonie,Nisbith,mnisbith2u@ovh.net,Greece,4/24/2025
104,Standford,Addis,saddis2v@a8.net,China,6/10/2025
105,Albertine,Lantoph,alantoph2w@blogspot.com,Indonesia,3/29/2025
106,Benni,Kelemen,bkelemen2x@etsy.com,Russia,11/29/2025
107,Orv,Meach,omeach2y@taobao.com,Sweden,2/1/2025
108,Lena,Stoad,lstoad2z@unesco.org,Ukraine,10/9/2025
109,Elbert,Quartly,equartly30@squidoo.com,China,10/27/2025
110,Em,Hembery,ehembery31@sun.com,Indonesia,8/26/2025
111,Stu,Vardie,svardie32@columbia.edu,Ukraine,2/9/2025
112,Aurelia,Tilford,atilford33@zimbio.com,Indonesia,3/26/2025
113,Jacqueline,Flaxon,jflaxon34@mashable.com,Czech Republic,5/17/2025
114,Bryon,Austing,bausting35@umn.edu,Indonesia,12/3/2025
115,Shepherd,Browne,sbrowne36@apple.com,China,1/24/2026
116,Alexa,Conradie,aconradie37@amazon.co.jp,Senegal,5/2/2025
117,Buddy,Skule,bskule38@wikipedia.org,Brazil,2/14/2025
118,Bevan,Goalby,bgoalby39@bravesites.com,China,1/26/2026
119,Timmi,Macbeth,tmacbeth3a@utexas.edu,Russia,5/30/2025
120,Jaclin,Edelheid,jedelheid3b@last.fm,Indonesia,11/8/2025
121,Corine,Hearty,chearty3c@oakley.com,Kenya,6/12/2025
122,Ab,Mapstone,amapstone3d@sourceforge.net,Paraguay,1/11/2026
123,Laureen,Skoughman,lskoughman3e@sciencedaily.com,Philippines,11/14/2025
124,Mychal,Francescotti,mfrancescotti3f@paypal.com,Canada,10/25/2025
125,Phip,Dorn,pdorn3g@last.fm,Poland,12/24/2025
126,Karalee,Morston,kmorston3h@gravatar.com,Indonesia,10/18/2025
127,Thedric,Stivani,tstivani3i@feedburner.com,Poland,9/4/2025
128,Tiffanie,Justice,tjustice3j@ycombinator.com,Indonesia,10/30/2025
129,Gaby,Hendin,ghendin3k@skype.com,Germany,7/5/2025
130,Corie,Curnock,ccurnock3l@paypal.com,Japan,4/5/2025
131,Tammie,Iacovides,tiacovides3m@dmoz.org,Palestinian Territory,3/11/2025
132,Joyan,Bolton,jbolton3n@businesswire.com,Cuba,10/19/2025
133,Solly,Climson,sclimson3o@wisc.edu,Ethiopia,3/31/2025
134,Pepita,Kamena,pkamena3p@army.mil,Serbia,9/4/2025
135,Cicily,Gossart,cgossart3q@is.gd,Zambia,9/28/2025
136,Norine,Haldin,nhaldin3r@kickstarter.com,Colombia,4/30/2025
137,Gunter,Boncore,gboncore3s@delicious.com,China,6/30/2025
138,Trenton,Berre,tberre3t@hostgator.com,Syria,1/18/2026
139,Josias,McRae,jmcrae3u@mail.ru,Tanzania,8/5/2025
140,Salomi,Pitford,spitford3v@angelfire.com,France,7/22/2025
141,Orazio,Cricket,ocricket3w@sakura.ne.jp,Russia,7/17/2025
142,Ingmar,Schooling,ischooling3x@walmart.com,Argentina,4/9/2025
143,Prudence,Davenall,pdavenall3y@opensource.org,China,2/20/2025
144,Bo,Kilrow,bkilrow3z@slideshare.net,Afghanistan,12/5/2025
145,Kit,Scoggans,kscoggans40@techcrunch.com,China,8/25/2025
146,Ettie,Rhelton,erhelton41@addtoany.com,Malaysia,12/11/2025
147,Hakim,Heningham,hheningham42@nasa.gov,China,5/24/2025
148,Mathian,Palmer,mpalmer43@cmu.edu,Argentina,11/11/2025
149,Eugenio,Monketon,emonketon44@360.cn,Bahamas,4/28/2025
150,Adel,Merrywether,amerrywether45@jugem.jp,China,10/4/2025
151,Alexandre,Tuppeny,atuppeny46@blogs.com,Philippines,8/6/2025
152,Sigismund,Stratton,sstratton47@biblegateway.com,Israel,3/21/2025
153,Charlotte,Buckett,cbuckett48@shareasale.com,China,3/18/2025
154,Hewie,Tejada,htejada49@wordpress.com,China,9/5/2025
155,Melva,Bickerdike,mbickerdike4a@fotki.com,China,12/21/2025
156,Mamie,Coite,mcoite4b@merriam-webster.com,Nigeria,10/30/2025
157,Erich,Shaxby,eshaxby4c@slideshare.net,Switzerland,3/22/2025
158,Dominica,Grabbam,dgrabbam4d@elpais.com,Brazil,7/3/2025
159,Sterne,Sparshett,ssparshett4e@weather.com,Russia,8/1/2025
160,Ame,MacGowing,amacgowing4f@topsy.com,China,7/3/2025
161,Willy,Cowpertwait,wcowpertwait4g@businessweek.com,Belarus,12/7/2025
162,Christos,Houndsom,choundsom4h@com.com,Philippines,5/26/2025
163,Emily,Wegener,ewegener4i@w3.org,Portugal,8/26/2025
164,Caria,Wodham,cwodham4j@dagondesign.com,Indonesia,8/29/2025
165,Karlis,Winspar,kwinspar4k@yandex.ru,Peru,12/26/2025
166,Des,Dulany,ddulany4l@salon.com,Philippines,9/8/2025
167,Derry,Whenman,dwhenman4m@ocn.ne.jp,Indonesia,5/29/2025
168,Kass,Calles,kcalles4n@nature.com,Czech Republic,11/14/2025
169,Carolin,Fortescue,cfortescue4o@sciencedaily.com,Georgia,1/9/2026
170,Carlyle,Coldman,ccoldman4p@biblegateway.com,Indonesia,8/8/2025
171,Franciskus,Strase,fstrase4q@vk.com,Brazil,4/4/2025
172,Mendel,MacNeill,mmacneill4r@e-recht24.de,Kazakhstan,5/27/2025
173,Arther,Sevitt,asevitt4s@addtoany.com,Oman,8/26/2025
174,Lacy,Stellino,lstellino4t@reuters.com,Panama,4/11/2025
175,Lynett,Artz,lartz4u@nytimes.com,Germany,7/29/2025
176,Obediah,Connochie,oconnochie4v@webeden.co.uk,United States,9/17/2025
177,Carlin,Edmonston,cedmonston4w@acquirethisname.com,France,8/29/2025
178,Elden,Wickins,ewickins4x@barnesandnoble.com,China,7/30/2025
179,Amberly,Sunter,asunter4y@harvard.edu,Portugal,9/18/2025
180,Mela,Bowbrick,mbowbrick4z@hc360.com,France,5/12/2025
181,Joanie,Lowder,jlowder50@cisco.com,Libya,4/15/2025
182,Tildy,Stockford,tstockford51@free.fr,Philippines,9/7/2025
183,Britt,De Francisci,bdefrancisci52@ox.ac.uk,Tanzania,2/13/2025
184,Franky,Rumens,frumens53@ameblo.jp,Russia,12/20/2025
185,Padgett,Novik,pnovik54@sfgate.com,Yemen,2/12/2025
186,Marsha,Corneck,mcorneck55@phpbb.com,Indonesia,7/8/2025
187,Fay,Arsmith,farsmith56@europa.eu,Poland,5/11/2025
188,Saxe,McGillicuddy,smcgillicuddy57@printfriendly.com,Brazil,1/15/2026
189,Pinchas,Scola,pscola58@netlog.com,Sweden,11/21/2025
190,Pedro,Jozef,pjozef59@state.tx.us,Afghanistan,6/29/2025
191,Laverna,Jerzak,ljerzak5a@umich.edu,Brazil,11/25/2025
192,Marcia,Barczynski,mbarczynski5b@google.es,Brazil,3/26/2025
193,Hetti,Ronaldson,hronaldson5c@skype.com,Mexico,12/3/2025
194,Agata,Northcote,anorthcote5d@earthlink.net,Honduras,4/29/2025
195,Robbyn,Keefe,rkeefe5e@nasa.gov,Ukraine,6/10/2025
196,Roz,Ball,rball5f@macromedia.com,Greece,5/13/2025
197,Giavani,Fishenden,gfishenden5g@dion.ne.jp,China,9/22/2025
198,Kattie,Bolt,kbolt5h@istockphoto.com,Russia,4/2/2025
199,Carney,Crush,ccrush5i@scribd.com,China,1/23/2026
200,Marsiella,Moorcroft,mmoorcroft5j@surveymonkey.com,Norway,5/2/2025
201,Antonino,Highton,ahighton5k@a8.net,Sierra Leone,3/24/2025
202,Mayne,Blare,mblare5l@e-recht24.de,Philippines,1/2/2026
203,Nickola,Toma,ntoma5m@parallels.com,Indonesia,1/18/2026
204,Burnard,Lyle,blyle5n@amazon.de,Philippines,5/29/2025
205,Retha,Lawlor,rlawlor5o@chron.com,Canada,8/23/2025
206,Olva,Capel,ocapel5p@gov.uk,Syria,4/27/2025
207,Waylin,Wogan,wwogan5q@vimeo.com,Uruguay,9/23/2025
208,Andros,Spears,aspears5r@cdbaby.com,China,7/16/2025
209,Brennan,Clara,bclara5s@yahoo.co.jp,Argentina,7/21/2025
210,Culley,Lefeuvre,clefeuvre5t@soup.io,Comoros,11/16/2025
211,Ancell,Hynde,ahynde5u@last.fm,Ukraine,2/5/2025
212,Corry,Balls,cballs5v@elegantthemes.com,Cuba,6/25/2025
213,Ahmad,Garrettson,agarrettson5w@amazonaws.com,Argentina,7/6/2025
214,Karola,Tidbald,ktidbald5x@nyu.edu,Philippines,5/22/2025
215,Elyn,Kenyon,ekenyon5y@hao123.com,South Africa,3/4/2025
216,Ronni,Flounders,rflounders5z@sohu.com,Argentina,12/18/2025
217,Ynes,Rosentholer,yrosentholer60@hubpages.com,Peru,2/9/2025
218,Dre,Finders,dfinders61@360.cn,Russia,9/2/2025
219,Ashla,Jayne,ajayne62@tinypic.com,Poland,11/23/2025
220,Jamie,Flatman,jflatman63@dot.gov,China,6/13/2025
221,Melinda,Nan Carrow,mnancarrow64@npr.org,France,1/20/2026
222,Kevan,Royan,kroyan65@forbes.com,Russia,11/27/2025
223,Carolyne,Behnecke,cbehnecke66@flickr.com,China,4/21/2025
224,Quent,Studdeard,qstuddeard67@sciencedaily.com,Russia,9/2/2025
225,Blakelee,Jenney,bjenney68@thetimes.co.uk,Argentina,10/26/2025
226,Meggi,Mutton,mmutton69@loc.gov,China,3/27/2025
227,Sophie,Tredwell,stredwell6a@opensource.org,Indonesia,10/11/2025
228,Evey,Bento,ebento6b@a8.net,Philippines,2/28/2025
229,Catherina,Surgeon,csurgeon6c@thetimes.co.uk,Poland,11/4/2025
230,Edwin,Chessor,echessor6d@amazonaws.com,Pakistan,4/10/2025
231,Libbey,Mousley,lmousley6e@exblog.jp,China,11/14/2025
232,Jillie,Ragot,jragot6f@sfgate.com,China,1/2/2026
233,Emilee,Janiak,ejaniak6g@usgs.gov,Poland,11/28/2025
234,Nick,Pleuman,npleuman6h@naver.com,Mexico,3/10/2025
235,Fidelia,Jakubski,fjakubski6i@newsvine.com,Nigeria,12/31/2025
236,Jennette,Pring,jpring6j@parallels.com,China,12/4/2025
237,Angela,McClean,amcclean6k@comsenz.com,Indonesia,7/18/2025
238,Emmy,Lorentzen,elorentzen6l@facebook.com,Czech Republic,7/29/2025
239,Bernie,Eade,beade6m@dedecms.com,Gambia,8/20/2025
240,Natalie,Monier,nmonier6n@pinterest.com,Russia,12/14/2025
241,Barrie,MacSkeagan,bmacskeagan6o@imgur.com,Pakistan,1/10/2026
242,Nisse,Matityahu,nmatityahu6p@ask.com,Indonesia,3/31/2025
243,Ruddie,Cassidy,rcassidy6q@virginia.edu,Nigeria,9/16/2025
244,Blithe,Matuszyk,bmatuszyk6r@miibeian.gov.cn,United States,8/16/2025
245,Bernita,Gann,bgann6s@paypal.com,Sweden,1/27/2025
246,Rafaelia,McIlroy,rmcilroy6t@mashable.com,Argentina,3/20/2025
247,Merralee,Iacavone,miacavone6u@spotify.com,Afghanistan,1/16/2026
248,Aura,Mayers,amayers6v@theatlantic.com,Armenia,11/1/2025
249,Flori,Ollis,follis6w@dmoz.org,Venezuela,2/8/2025
250,Viva,Hubbis,vhubbis6x@npr.org,Thailand,2/26/2025
251,Friedrick,Comben,fcomben6y@spotify.com,China,8/3/2025
252,Sela,Rudsdell,srudsdell6z@myspace.com,China,12/7/2025
253,Raquela,Dowzell,rdowzell70@nytimes.com,Nicaragua,11/24/2025
254,Magda,Benettini,mbenettini71@themeforest.net,Russia,2/5/2025
255,Saunderson,McNeilly,smcneilly72@newsvine.com,Russia,5/7/2025
256,Emmye,Zorn,ezorn73@yahoo.com,China,1/10/2026
257,Tricia,Fairbrass,tfairbrass74@bluehost.com,Finland,8/28/2025
258,Patten,Cafferky,pcafferky75@netscape.com,Philippines,9/24/2025
259,Richmond,Timpany,rtimpany76@cbslocal.com,China,5/15/2025
260,Vonni,Harome,vharome77@google.fr,South Korea,5/22/2025
261,Ailene,Maffey,amaffey78@walmart.com,China,1/3/2026
262,Neill,Nann,nnann79@wix.com,Indonesia,10/30/2025
263,Joanna,Walkington,jwalkington7a@dmoz.org,China,5/2/2025
264,Priscilla,Hegarty,phegarty7b@nps.gov,Venezuela,6/27/2025
265,Charo,Gumn,cgumn7c@independent.co.uk,China,4/13/2025
266,Will,Pechold,wpechold7d@umich.edu,France,4/22/2025
267,Trudy,McAvaddy,tmcavaddy7e@unc.edu,China,8/30/2025
268,Adolphus,Heimes,aheimes7f@sourceforge.net,New Zealand,1/12/2026
269,Glynis,Jeandin,gjeandin7g@cloudflare.com,Philippines,7/21/2025
270,Waverly,Manuel,wmanuel7h@soup.io,China,11/28/2025
271,Bord,Margaritelli,bmargaritelli7i@omniture.com,Afghanistan,6/6/2025
272,Irving,Sieve,isieve7j@java.com,Albania,6/20/2025
273,Rikki,Collington,rcollington7k@infoseek.co.jp,Dominican Republic,7/22/2025
274,Alanna,Gainforth,againforth7l@tuttocitta.it,Vietnam,12/7/2025
275,Nancie,Leupoldt,nleupoldt7m@reverbnation.com,Poland,6/29/2025
276,Laughton,Michelle,lmichelle7n@ebay.co.uk,Russia,11/19/2025
277,Merrily,Kunzler,mkunzler7o@netlog.com,Malaysia,12/20/2025
278,Freddy,Dunkirk,fdunkirk7p@ca.gov,Peru,7/25/2025
279,Ingrid,Mc Meekin,imcmeekin7q@trellian.com,Philippines,11/8/2025
280,Mic,Boycott,mboycott7r@cam.ac.uk,Indonesia,5/14/2025
281,Sibley,Pardi,spardi7s@amazon.com,Canada,9/14/2025
282,Wren,Coskerry,wcoskerry7t@storify.com,Bangladesh,10/11/2025
283,Fraze,Dobing,fdobing7u@nytimes.com,Finland,6/28/2025
284,Brandice,Mulhall,bmulhall7v@comsenz.com,Thailand,5/22/2025
285,Zitella,Tatford,ztatford7w@cloudflare.com,China,9/8/2025
286,Katerine,Hayfield,khayfield7x@dagondesign.com,Russia,3/28/2025
287,Maisie,Esley,mesley7y@chronoengine.com,Ukraine,3/29/2025
288,Tab,Haberjam,thaberjam7z@theguardian.com,Russia,9/22/2025
289,Benjie,Ealam,bealam80@gnu.org,Indonesia,7/18/2025
290,Clarinda,Hourihane,chourihane81@pbs.org,Japan,4/24/2025
291,Kevyn,Collinette,kcollinette82@cnn.com,China,4/20/2025
292,Cheryl,Worsnip,cworsnip83@home.pl,China,3/28/2025
293,Rod,Shrimpton,rshrimpton84@aol.com,China,8/9/2025
294,Iona,Tarburn,itarburn85@opera.com,China,2/3/2025
295,Ermina,Lawler,elawler86@aol.com,Philippines,4/16/2025
296,Alessandro,Kerrigan,akerrigan87@businessweek.com,Philippines,2/28/2025
297,Vivianna,Brugemann,vbrugemann88@gnu.org,South Africa,7/14/2025
298,Sid,Parkman,sparkman89@comcast.net,Indonesia,8/21/2025
299,Fina,Olman,folman8a@hugedomains.com,Russia,12/31/2025
300,Meryl,Muckersie,mmuckersie8b@cbc.ca,Argentina,12/31/2025
301,Carlita,Croxford,ccroxford8c@reverbnation.com,Israel,8/20/2025
302,Druci,Ridgedell,dridgedell8d@last.fm,Burkina Faso,3/15/2025
303,Alfie,Kraft,akraft8e@pbs.org,Cyprus,8/12/2025
304,Flinn,Burbury,fburbury8f@tiny.cc,Indonesia,3/23/2025
305,Margot,Brolly,mbrolly8g@xinhuanet.com,Russia,9/20/2025
306,Dmitri,Eagar,deagar8h@cdc.gov,Madagascar,12/29/2025
307,Ernesta,Work,ework8i@nsw.gov.au,Indonesia,8/11/2025
308,Dudley,Mathey,dmathey8j@blogger.com,Sweden,5/27/2025
309,Tabbie,Heggie,theggie8k@istockphoto.com,Indonesia,2/2/2025
310,Olivier,Watchorn,owatchorn8l@symantec.com,United States,7/8/2025
311,Cary,Burnyate,cburnyate8m@jiathis.com,Portugal,9/13/2025
312,Clarabelle,Boswell,cboswell8n@mashable.com,Kazakhstan,1/12/2026
313,Tabbi,Scholefield,tscholefield8o@51.la,Portugal,2/12/2025
314,Alexandra,Short,ashort8p@netvibes.com,Israel,8/26/2025
315,Goraud,Rookeby,grookeby8q@blog.com,France,12/21/2025
316,Alfie,Buggs,abuggs8r@aboutads.info,Morocco,4/7/2025
317,Harold,Fishley,hfishley8s@shop-pro.jp,Mexico,7/24/2025
318,Brenna,MacKeever,bmackeever8t@nymag.com,Colombia,7/10/2025
319,Ruthanne,Worley,rworley8u@seesaa.net,Indonesia,3/11/2025
320,Heda,Trussell,htrussell8v@etsy.com,France,6/7/2025
321,Courtney,Syme,csyme8w@xing.com,Norway,6/1/2025
322,Dana,Cella,dcella8x@reddit.com,Saint Kitts and Nevis,11/13/2025
323,Sonnnie,Wildber,swildber8y@xing.com,Albania,2/18/2025
324,Krystle,Maryon,kmaryon8z@gmpg.org,Colombia,4/24/2025
325,Datha,Phillipp,dphillipp90@mapquest.com,Indonesia,3/26/2025
326,Row,Skellon,rskellon91@phoca.cz,Mexico,9/23/2025
327,Caryl,Stripp,cstripp92@merriam-webster.com,Spain,12/20/2025
328,Joelly,Fever,jfever93@nasa.gov,Brazil,3/7/2025
329,Jonathon,Tregunnah,jtregunnah94@admin.ch,Peru,8/7/2025
330,Alfonse,Peplaw,apeplaw95@europa.eu,Brazil,12/21/2025
331,Leola,Knill,lknill96@artisteer.com,Philippines,10/31/2025
332,Robers,Blant,rblant97@4shared.com,Indonesia,6/30/2025
333,Amanda,St Pierre,astpierre98@cyberchimps.com,China,4/5/2025
334,Sarita,Weadick,sweadick99@issuu.com,Malawi,7/26/2025
335,Tessi,Antognetti,tantognetti9a@istockphoto.com,Indonesia,11/1/2025
336,Kassi,Judson,kjudson9b@wunderground.com,Nicaragua,8/18/2025
337,Davita,Leonards,dleonards9c@behance.net,Sweden,7/18/2025
338,Emiline,Orsay,eorsay9d@webeden.co.uk,Philippines,5/1/2025
339,Sayre,Collimore,scollimore9e@forbes.com,Russia,9/19/2025
340,Janine,Dyster,jdyster9f@rediff.com,Indonesia,11/12/2025
341,Irina,Richarz,iricharz9g@i2i.jp,China,4/22/2025
342,Gerald,Dymock,gdymock9h@hugedomains.com,Honduras,9/12/2025
343,Dewey,Horley,dhorley9i@cbslocal.com,China,5/18/2025
344,Andy,Overill,aoverill9j@com.com,Honduras,7/5/2025
345,Laney,Sloy,lsloy9k@de.vu,Greece,3/2/2025
346,Gilberta,Wooffitt,gwooffitt9l@jiathis.com,Sweden,12/1/2025
347,Maura,Montfort,mmontfort9m@senate.gov,Afghanistan,11/18/2025
348,June,Basek,jbasek9n@mapquest.com,China,12/14/2025
349,Fredericka,Briscow,fbriscow9o@google.com,China,4/16/2025
350,Robbert,McKelvey,rmckelvey9p@wikipedia.org,Mexico,1/9/2026
351,Jeremie,Cape,jcape9q@edublogs.org,Mexico,11/27/2025
352,Rab,Hurdman,rhurdman9r@ameblo.jp,United States,11/14/2025
353,Velma,Malia,vmalia9s@cocolog-nifty.com,Uzbekistan,5/29/2025
354,Reinwald,Cluse,rcluse9t@drupal.org,Philippines,5/13/2025
355,Maurizio,Josephson,mjosephson9u@sourceforge.net,China,11/7/2025
356,Bud,Fritschel,bfritschel9v@statcounter.com,Tunisia,1/9/2026
357,Earle,Podd,epodd9w@quantcast.com,China,9/29/2025
358,Quinn,Halloway,qhalloway9x@dot.gov,Cambodia,12/3/2025
359,Imogen,Belsham,ibelsham9y@wikipedia.org,Portugal,2/15/2025
360,Quintilla,Schiementz,qschiementz9z@merriam-webster.com,Tanzania,9/15/2025
361,Herve,Formie,hformiea0@google.de,Russia,12/15/2025
362,Waldo,Castan,wcastana1@salon.com,United Kingdom,11/2/2025
363,Mel,Luckett,mlucketta2@usgs.gov,Morocco,1/2/2026
364,Idaline,Fraser,ifrasera3@boston.com,Russia,5/16/2025
365,Saraann,Copin,scopina4@squarespace.com,Philippines,10/19/2025
366,Graham,Lucey,gluceya5@sciencedaily.com,Czech Republic,9/23/2025
367,Brittni,Reame,breamea6@whitehouse.gov,Panama,1/6/2026
368,Con,Isham,cishama7@timesonline.co.uk,Ukraine,10/15/2025
369,Sibylle,Carnier,scarniera8@epa.gov,China,6/6/2025
370,Fulvia,Ruben,frubena9@weebly.com,Indonesia,7/20/2025
371,Claretta,Dureden,cduredenaa@umn.edu,China,5/23/2025
372,Marlane,Donne,mdonneab@discuz.net,China,1/26/2026
373,Nicola,Benesevich,nbenesevichac@deviantart.com,Somalia,5/10/2025
374,Juliana,MacCosto,jmaccostoad@e-recht24.de,Iran,5/8/2025
375,Arabella,Buddleigh,abuddleighae@flickr.com,Colombia,6/1/2025
376,Carey,Gullefant,cgullefantaf@soup.io,Philippines,12/29/2025
377,Kellina,Vanderson,kvandersonag@domainmarket.com,Brazil,3/22/2025
378,Clarice,Mirams,cmiramsah@walmart.com,Honduras,1/29/2025
379,Aguie,Askwith,aaskwithai@tmall.com,Poland,9/6/2025
380,Jedediah,Farmloe,jfarmloeaj@dion.ne.jp,Comoros,9/19/2025
381,Vick,Wagge,vwaggeak@weebly.com,Brazil,10/2/2025
382,Karoly,Cantopher,kcantopheral@ibm.com,Sweden,10/29/2025
383,Betteann,Lesslie,blesslieam@ucsd.edu,France,10/15/2025
384,Ania,Vass,avassan@economist.com,Ireland,4/24/2025
385,Germana,Hamlyn,ghamlynao@marriott.com,China,7/7/2025
386,Berenice,Elrick,belrickap@washingtonpost.com,China,7/15/2025
387,Cale,Aronowicz,caronowiczaq@dmoz.org,Morocco,9/4/2025
388,Ingra,Keerl,ikeerlar@squarespace.com,Finland,10/17/2025
389,Meier,Croxton,mcroxtonas@alexa.com,Azerbaijan,2/28/2025
390,Dionis,Detoc,ddetocat@walmart.com,Benin,6/16/2025
391,Beverley,Reinard,breinardau@ocn.ne.jp,Ukraine,12/3/2025
392,Tremayne,Berthon,tberthonav@newyorker.com,Indonesia,5/11/2025
393,Quillan,Skoughman,qskoughmanaw@weebly.com,Philippines,5/9/2025
394,Gerry,Tour,gtourax@techcrunch.com,Bosnia and Herzegovina,2/22/2025
395,Lucais,Ricardet,lricardetay@walmart.com,Honduras,4/22/2025
396,Ardath,Hedgeman,ahedgemanaz@mlb.com,Portugal,10/25/2025
397,Twila,Hoys,thoysb0@patch.com,South Africa,11/19/2025
398,Basil,Sausman,bsausmanb1@seesaa.net,Indonesia,10/8/2025
399,Cornelia,Mellem,cmellemb2@webnode.com,Togo,1/17/2026
400,Ivette,Siggee,isiggeeb3@boston.com,Portugal,3/22/2025
401,Koo,Noseworthy,knoseworthyb4@smugmug.com,United States,4/16/2025
402,Kelsi,Scohier,kscohierb5@so-net.ne.jp,Russia,2/6/2025
403,Sibylle,Macvey,smacveyb6@privacy.gov.au,Norway,9/8/2025
404,Ettore,Vannah,evannahb7@ezinearticles.com,China,7/4/2025
405,Langsdon,Sustins,lsustinsb8@usgs.gov,Argentina,11/27/2025
406,Elnora,Fitter,efitterb9@ycombinator.com,Peru,10/27/2025
407,Pavia,Lyte,plyteba@netscape.com,Colombia,4/27/2025
408,Roscoe,Dowgill,rdowgillbb@tinyurl.com,Indonesia,1/28/2025
409,Prudi,Kamena,pkamenabc@columbia.edu,Indonesia,2/19/2025
410,Casper,Cowburn,ccowburnbd@msn.com,China,10/31/2025
411,Kym,Jeynes,kjeynesbe@posterous.com,Indonesia,11/10/2025
412,Sherwin,Kendred,skendredbf@mapquest.com,Panama,7/20/2025
413,Ardine,Shere,asherebg@weibo.com,Ireland,2/20/2025
414,Francis,Beckers,fbeckersbh@whitehouse.gov,Brazil,10/17/2025
415,Joscelin,Brogan,jbroganbi@a8.net,Japan,2/13/2025
416,Rosabel,Vinter,rvinterbj@addthis.com,Sweden,7/17/2025
417,Dusty,Voff,dvoffbk@constantcontact.com,Haiti,5/24/2025
418,Al,Andreone,aandreonebl@lycos.com,Albania,11/17/2025
419,Antonia,Whistlecroft,awhistlecroftbm@slideshare.net,China,10/9/2025
420,Briano,Swancott,bswancottbn@wikimedia.org,China,6/15/2025
421,Horten,Powis,hpowisbo@dot.gov,China,4/19/2025
422,Valaria,Shillaker,vshillakerbp@photobucket.com,Czech Republic,7/3/2025
423,Aubrey,Fulker,afulkerbq@constantcontact.com,China,4/6/2025
424,Nedi,Craven,ncravenbr@dmoz.org,Thailand,10/23/2025
425,Venita,Courtese,vcourtesebs@shinystat.com,Brazil,3/18/2025
426,Roanna,Spohrmann,rspohrmannbt@cisco.com,Greece,5/29/2025
427,Denice,Cookney,dcookneybu@php.net,China,10/5/2025
428,Alexa,Slad,asladbv@prweb.com,Mauritius,9/10/2025
429,Buddie,Trahair,btrahairbw@nationalgeographic.com,Czech Republic,3/7/2025
430,Jessie,Dzenisenka,jdzenisenkabx@cnet.com,China,5/14/2025
431,Emilie,Behnecken,ebehneckenby@ed.gov,Colombia,1/31/2025
432,Gerick,Munnings,gmunningsbz@state.gov,Indonesia,12/9/2025
433,Daron,McLernon,dmclernonc0@pinterest.com,China,2/4/2025
434,Dru,Wyon,dwyonc1@gizmodo.com,Philippines,3/19/2025
435,Moritz,Dagwell,mdagwellc2@rediff.com,Philippines,3/9/2025
436,Meggy,Dearnaly,mdearnalyc3@cargocollective.com,Brazil,1/25/2026
437,Nappy,Laverack,nlaverackc4@ebay.com,Indonesia,12/2/2025
438,Garry,Pothbury,gpothburyc5@cnet.com,China,12/4/2025
439,Zachary,Maith,zmaithc6@cocolog-nifty.com,Poland,11/25/2025
440,Rupert,Hoff,rhoffc7@friendfeed.com,China,6/5/2025
441,Mariska,Joret,mjoretc8@topsy.com,Mauritius,12/4/2025
442,Lynelle,O'Carrol,locarrolc9@technorati.com,China,12/10/2025
443,Wynnie,Gullis,wgullisca@typepad.com,Canada,10/19/2025
444,Madeleine,Tabbitt,mtabbittcb@amazon.com,Iran,9/25/2025
445,Deedee,Abrahamoff,dabrahamoffcc@myspace.com,New Zealand,4/7/2025
446,Aileen,Youll,ayoullcd@ustream.tv,Belarus,11/20/2025
447,Raviv,Errowe,rerrowece@uol.com.br,Greece,7/13/2025
448,Levin,Washington,lwashingtoncf@tmall.com,Czech Republic,2/26/2025
449,Romola,Cuddihy,rcuddihycg@usa.gov,China,4/16/2025
450,Linzy,Tawton,ltawtonch@forbes.com,France,11/26/2025
451,Irvin,Offill,ioffillci@intel.com,Indonesia,5/19/2025
452,Jaquelyn,Hewes,jhewescj@rambler.ru,Indonesia,3/13/2025
453,Nisse,Donner,ndonnerck@blogtalkradio.com,Poland,9/11/2025
454,Lynn,Lismore,llismorecl@shareasale.com,Nigeria,5/5/2025
455,Worth,Bester,wbestercm@photobucket.com,Uruguay,7/3/2025
456,Allen,Conachy,aconachycn@ft.com,Poland,4/7/2025
457,De,Gair,dgairco@baidu.com,China,10/26/2025
458,Mohammed,Dennistoun,mdennistouncp@sciencedirect.com,Canada,5/8/2025
459,Sofie,Hiskey,shiskeycq@narod.ru,Russia,1/28/2025
460,Jerrold,Abisetti,jabisetticr@time.com,Finland,11/13/2025
461,Marya,Felkin,mfelkincs@ibm.com,Thailand,4/9/2025
462,Pris,Toothill,ptoothillct@elegantthemes.com,Ireland,4/1/2025
463,Paulie,Lars,plarscu@patch.com,Norway,4/4/2025
464,Adella,McPeake,amcpeakecv@blogspot.com,Portugal,7/12/2025
465,Clarence,Ellerton,cellertoncw@house.gov,Indonesia,6/2/2025
466,Roselia,Devaney,rdevaneycx@techcrunch.com,Iran,11/1/2025
467,Gerick,Feldharker,gfeldharkercy@dailymail.co.uk,Russia,9/9/2025
468,Caril,Cowey,ccoweycz@blogger.com,Canada,11/19/2025
469,Pooh,Keech,pkeechd0@lycos.com,Indonesia,11/26/2025
470,Barbabas,Keeting,bkeetingd1@sphinn.com,Portugal,2/24/2025
471,Retha,Gandar,rgandard2@photobucket.com,Poland,7/17/2025
472,Monti,Lambell,mlambelld3@diigo.com,China,9/9/2025
473,Guinna,Shankster,gshanksterd4@ihg.com,Japan,11/6/2025
474,Steffane,Ridhole,sridholed5@hibu.com,Thailand,4/30/2025
475,Vernon,Gothrup,vgothrupd6@wordpress.org,Serbia,2/18/2025
476,Gray,Magog,gmagogd7@sphinn.com,Colombia,5/27/2025
477,Wernher,Petersen,wpetersend8@engadget.com,China,3/9/2025
478,Georgeta,Sampson,gsampsond9@w3.org,China,2/24/2025
479,Janos,Robbs,jrobbsda@instagram.com,China,7/13/2025
480,Curtice,Warton,cwartondb@taobao.com,Colombia,8/12/2025
481,Frederick,Tremelling,ftremellingdc@scientificamerican.com,Vietnam,12/30/2025
482,Afton,McMarquis,amcmarquisdd@themeforest.net,Argentina,8/7/2025
483,Jeremiah,Buckett,jbuckettde@auda.org.au,China,12/26/2025
484,Mac,Breedy,mbreedydf@nih.gov,Sweden,3/16/2025
485,Dewain,Roff,droffdg@multiply.com,Slovenia,9/10/2025
486,Saxe,Lacoste,slacostedh@i2i.jp,Sri Lanka,1/29/2025
487,Lucien,Elener,lelenerdi@wikia.com,Ireland,8/3/2025
488,Freeman,Jiracek,fjiracekdj@hugedomains.com,Japan,2/11/2025
489,Thomasa,Blois,tbloisdk@hexun.com,Philippines,4/22/2025
490,Faber,Bevar,fbevardl@nasa.gov,Norway,3/14/2025
491,Maureen,Rannigan,mrannigandm@ted.com,Denmark,9/23/2025
492,Gabbey,Gerran,ggerrandn@usnews.com,China,2/2/2025
493,Junia,Oldred,joldreddo@kickstarter.com,Canada,5/12/2025
494,Augy,Luigi,aluigidp@symantec.com,Czech Republic,4/21/2025
495,Luci,Ferri,lferridq@multiply.com,Albania,6/14/2025
496,Brod,Langrick,blangrickdr@deliciousdays.com,Portugal,6/14/2025
497,Flss,Glave,fglaveds@techcrunch.com,Brazil,4/26/2025
498,Ann,Muldoon,amuldoondt@bravesites.com,Thailand,8/22/2025
499,Cinnamon,Bodicam,cbodicamdu@nba.com,Mali,11/9/2025
500,Oona,Goold,ogoolddv@cdc.gov,China,9/6/2025
501,Audy,Irons,aironsdw@miibeian.gov.cn,Venezuela,5/22/2025
502,Morgen,Longea,mlongeadx@comsenz.com,China,1/10/2026
503,Kalle,Valencia,kvalenciady@t.co,China,3/27/2025
504,Austin,Vaz,avazdz@home.pl,China,8/13/2025
505,Ramona,Sinnott,rsinnotte0@etsy.com,Peru,2/17/2025
506,Allyn,Geraldi,ageraldie1@sbwire.com,China,12/18/2025
507,Ranique,Duberry,rduberrye2@dot.gov,Brazil,1/2/2026
508,Gwendolyn,Pugh,gpughe3@de.vu,Uruguay,7/29/2025
509,Terri,Chadwell,tchadwelle4@cocolog-nifty.com,Palestinian Territory,9/21/2025
510,Cassandre,Cluse,cclusee5@icio.us,Philippines,8/13/2025
511,Beth,Lethbridge,blethbridgee6@microsoft.com,Canada,8/23/2025
512,Ramsey,Razzell,rrazzelle7@un.org,Tunisia,9/3/2025
513,Merline,Cheyenne,mcheyennee8@who.int,Portugal,7/5/2025
514,Ferdinande,Dorwood,fdorwoode9@so-net.ne.jp,Nigeria,5/11/2025
515,Prescott,Fredi,pfrediea@home.pl,China,6/23/2025
516,Anette,Dufaire,adufaireeb@epa.gov,Russia,7/6/2025
517,Sigismondo,Claricoates,sclaricoatesec@loc.gov,China,6/19/2025
518,Torry,de la Tremoille,tdelatremoilleed@washington.edu,Canada,9/19/2025
519,Glynnis,Bastard,gbastardee@drupal.org,Brazil,8/2/2025
520,Dannel,Kulicke,dkulickeef@rambler.ru,Latvia,2/5/2025
521,Kettie,Sweating,ksweatingeg@tripadvisor.com,China,12/6/2025
522,Wash,Martinson,wmartinsoneh@dot.gov,Indonesia,3/19/2025
523,Jeffrey,Ringrose,jringroseei@quantcast.com,Luxembourg,4/1/2025
524,Sig,Braybrooks,sbraybrooksej@hud.gov,China,1/23/2026
525,Mark,Gable,mgableek@uiuc.edu,Albania,5/25/2025
526,Joy,Scamerden,jscamerdenel@uiuc.edu,France,5/20/2025
527,Nyssa,Meiningen,nmeiningenem@wp.com,China,3/13/2025
528,Birk,Martel,bmartelen@lulu.com,China,2/17/2025
529,Karoline,Suthworth,ksuthwortheo@wikimedia.org,Greece,4/30/2025
530,Elke,Titta,etittaep@dedecms.com,Yemen,11/14/2025
531,Fleurette,Thomesson,fthomessoneq@cam.ac.uk,Philippines,10/11/2025
532,Emmalynne,Burless,eburlesser@themeforest.net,Indonesia,5/2/2025
533,Constantine,Guinery,cguineryes@toplist.cz,Mexico,2/4/2025
534,Dane,Sommerville,dsommervilleet@hugedomains.com,Brazil,12/18/2025
535,Kimberly,Elcott,kelcotteu@blog.com,Ivory Coast,12/20/2025
536,Nichole,Guiden,nguidenev@hostgator.com,Philippines,3/5/2025
537,Magdalene,Niece,mnieceew@hugedomains.com,Uganda,1/16/2026
538,Orlando,Regus,oregusex@msu.edu,China,7/26/2025
539,Linc,Milsom,lmilsomey@cdbaby.com,China,1/5/2026
540,Winifred,Cockram,wcockramez@trellian.com,Finland,7/9/2025
541,Marianne,Dauber,mdauberf0@cnet.com,China,4/9/2025
542,Si,Skace,sskacef1@cisco.com,China,8/1/2025
543,Carlie,Sterke,csterkef2@columbia.edu,Japan,5/12/2025
544,Ricardo,Eccersley,reccersleyf3@weebly.com,China,11/14/2025
545,Ellsworth,Skyme,eskymef4@flavors.me,China,9/17/2025
546,Fletcher,Conaghan,fconaghanf5@boston.com,Tunisia,11/26/2025
547,Darlene,Poone,dpoonef6@privacy.gov.au,Czech Republic,5/8/2025
548,Rebekah,Mollen,rmollenf7@epa.gov,Tajikistan,2/1/2025
549,Ogden,Walsh,owalshf8@tripod.com,China,8/15/2025
550,Jasmina,Atty,jattyf9@devhub.com,France,10/28/2025
551,Lindsy,Roizin,lroizinfa@squidoo.com,Norway,5/1/2025
552,Kareem,Heindl,kheindlfb@histats.com,Czech Republic,11/18/2025
553,Annnora,Kroll,akrollfc@zdnet.com,Russia,5/13/2025
554,Darda,Grimwood,dgrimwoodfd@netlog.com,Sweden,8/23/2025
555,Levin,Hitter,lhitterfe@feedburner.com,Armenia,4/2/2025
556,Pedro,McGeachie,pmcgeachieff@xinhuanet.com,Iraq,9/11/2025
557,Howie,Serrier,hserrierfg@pcworld.com,Japan,10/29/2025
558,Gavra,Filov,gfilovfh@ibm.com,Thailand,9/11/2025
559,Pietro,Karlik,pkarlikfi@omniture.com,Indonesia,6/4/2025
560,Leonardo,McGarvie,lmcgarviefj@zdnet.com,China,6/7/2025
561,Salem,Quilty,squiltyfk@jiathis.com,Portugal,6/17/2025
562,Wini,Blondin,wblondinfl@census.gov,Poland,4/24/2025
563,Pete,Barcke,pbarckefm@yahoo.co.jp,Yemen,2/17/2025
564,Mayne,Priden,mpridenfn@cdbaby.com,Namibia,3/23/2025
565,Fair,McRitchie,fmcritchiefo@umn.edu,Brazil,10/12/2025
566,Karlis,Buyers,kbuyersfp@tiny.cc,Mexico,5/18/2025
567,Talyah,St. Ledger,tstledgerfq@zdnet.com,Honduras,11/1/2025
568,Minnnie,Eles,melesfr@barnesandnoble.com,China,12/14/2025
569,Caprice,Rotham,crothamfs@nymag.com,Sweden,6/7/2025
570,Melany,Riseam,mriseamft@posterous.com,Nigeria,7/9/2025
571,Denice,Ruffles,drufflesfu@sciencedaily.com,United Arab Emirates,12/19/2025
572,Nadean,Forgie,nforgiefv@cloudflare.com,China,1/6/2026
573,Maurizia,Edowes,medowesfw@cam.ac.uk,Nigeria,8/1/2025
574,Ginnie,Gatheridge,ggatheridgefx@nps.gov,China,2/26/2025
575,Cad,Sygrove,csygrovefy@yellowpages.com,China,2/10/2025
576,Matthew,Wailes,mwailesfz@bravesites.com,Philippines,4/18/2025
577,Buckie,Behnecke,bbehneckeg0@dropbox.com,Colombia,10/6/2025
578,Justinian,McCullogh,jmcculloghg1@twitter.com,China,11/21/2025
579,Geno,Coffin,gcoffing2@arizona.edu,Russia,10/1/2025
580,Rheta,Twiggins,rtwigginsg3@ca.gov,Brazil,12/2/2025
581,Magda,Asman,masmang4@si.edu,New Zealand,1/29/2025
582,Mateo,Heis,mheisg5@twitpic.com,China,9/13/2025
583,Merilee,Wandrach,mwandrachg6@sina.com.cn,Panama,12/18/2025
584,Umberto,Elstob,uelstobg7@elpais.com,Russia,9/24/2025
585,Janka,Rutt,jruttg8@quantcast.com,Peru,1/9/2026
586,Alexandre,Trudgian,atrudgiang9@harvard.edu,Russia,11/8/2025
587,Dore,Gynne,dgynnega@prlog.org,Indonesia,11/21/2025
588,Layne,Lyttle,llyttlegb@trellian.com,Mongolia,3/14/2025
589,Timoteo,Mutch,tmutchgc@harvard.edu,France,12/28/2025
590,Betteanne,Waliszewski,bwaliszewskigd@marriott.com,Sweden,8/18/2025
591,Burl,Ebbing,bebbingge@google.de,Indonesia,10/23/2025
592,Paulie,Fitch,pfitchgf@posterous.com,Norway,6/11/2025
593,Debbi,Janota,djanotagg@tuttocitta.it,China,7/13/2025
594,Bartholomeo,Ygo,bygogh@youtu.be,Indonesia,11/29/2025
595,Linette,Tredgold,ltredgoldgi@gmpg.org,Moldova,10/6/2025
596,Risa,Shooter,rshootergj@time.com,Philippines,7/21/2025
597,Elie,McCartan,emccartangk@nifty.com,Thailand,1/25/2026
598,Clarita,Ofener,cofenergl@weibo.com,Denmark,3/27/2025
599,Eddie,Citrine,ecitrinegm@prnewswire.com,Moldova,9/26/2025
600,Delaney,Swatten,dswattengn@163.com,France,9/23/2025
601,Janith,Foulstone,jfoulstonego@geocities.com,South Korea,6/24/2025
602,Christi,Inge,cingegp@usnews.com,Poland,3/21/2025
603,Lorry,Lippett,llippettgq@twitpic.com,United States,12/14/2025
604,Lilly,Winskill,lwinskillgr@slideshare.net,Colombia,5/16/2025
605,Stevy,Dargavel,sdargavelgs@ning.com,China,8/6/2025
606,Grete,Hardern,gharderngt@technorati.com,China,9/7/2025
607,Efren,Ivanets,eivanetsgu@apache.org,Sweden,10/14/2025
608,Cyrill,Pilley,cpilleygv@ehow.com,France,9/14/2025
609,Paule,Somersett,psomersettgw@bbc.co.uk,China,12/20/2025
610,Dulcine,Mellor,dmellorgx@archive.org,Brazil,11/4/2025
611,Manny,Brian,mbriangy@samsung.com,Japan,1/12/2026
612,Adoree,Dukelow,adukelowgz@github.com,Democratic Republic of the Congo,10/12/2025
613,Matty,Kendell,mkendellh0@nhs.uk,Indonesia,3/21/2025
614,Simmonds,Mortimer,smortimerh1@facebook.com,Tunisia,9/15/2025
615,Leroy,Tayt,ltayth2@samsung.com,Finland,11/6/2025
616,Nert,Gledhill,ngledhillh3@theglobeandmail.com,United Kingdom,4/20/2025
617,Liz,Scotfurth,lscotfurthh4@google.com,China,3/20/2025
618,Roy,Mahoney,rmahoneyh5@hao123.com,China,2/18/2025
619,Hallsy,Winters,hwintersh6@ycombinator.com,Canada,2/9/2025
620,Crystie,Snelle,csnelleh7@ameblo.jp,China,6/30/2025
621,Enrika,MacKissack,emackissackh8@biglobe.ne.jp,Mexico,1/12/2026
622,Amerigo,Trees,atreesh9@cnbc.com,China,7/14/2025
623,Jasen,Redgate,jredgateha@alexa.com,United States,1/26/2026
624,Clerkclaude,Tweedell,ctweedellhb@shinystat.com,Japan,2/4/2025
625,Ev,Jenton,ejentonhc@1688.com,Colombia,6/20/2025
626,Nettle,Ratnege,nratnegehd@chronoengine.com,Philippines,6/1/2025
627,Melamie,Effemy,meffemyhe@shutterfly.com,Estonia,3/30/2025
628,Pru,Casillis,pcasillishf@scribd.com,Sweden,11/9/2025
629,Codie,Evens,cevenshg@cbsnews.com,Philippines,12/18/2025
630,Issiah,Deadman,ideadmanhh@imdb.com,Indonesia,7/13/2025
631,Gene,Waskett,gwasketthi@unicef.org,Indonesia,10/27/2025
632,Aurelia,Welden,aweldenhj@vimeo.com,China,7/5/2025
633,Stanislaus,Gaspero,sgasperohk@mysql.com,South Africa,1/23/2026
634,Galina,Darlington,gdarlingtonhl@netlog.com,Philippines,2/25/2025
635,Sterne,Youll,syoullhm@cmu.edu,China,9/23/2025
636,Robbyn,Teml,rtemlhn@oakley.com,Brazil,9/16/2025
637,Jessa,Benditt,jbendittho@photobucket.com,China,5/16/2025
638,Buddie,Coney,bconeyhp@posterous.com,Philippines,9/17/2025
639,Korney,Keward,kkewardhq@mashable.com,Indonesia,6/30/2025
640,Linell,Danielou,ldanielouhr@google.ru,France,2/2/2025
641,Blisse,Lough,bloughhs@de.vu,China,9/7/2025
642,Rickie,Feldman,rfeldmanht@disqus.com,Brazil,7/5/2025
643,Bourke,Lyster,blysterhu@dailymail.co.uk,Japan,6/30/2025
644,Gav,Duplock,gduplockhv@webnode.com,Brazil,2/27/2025
645,Juliane,Skirrow,jskirrowhw@clickbank.net,Nigeria,9/22/2025
646,Ragnar,Kelner,rkelnerhx@a8.net,Indonesia,12/26/2025
647,Chadwick,Dinning,cdinninghy@gnu.org,Macedonia,5/9/2025
648,Avery,Kopec,akopechz@topsy.com,New Zealand,3/21/2025
649,Annmaria,Alexander,aalexanderi0@baidu.com,Malta,11/8/2025
650,Rubina,Adamou,radamoui1@yahoo.com,China,4/17/2025
651,Raychel,Eslie,resliei2@unesco.org,Mexico,3/16/2025
652,Lenna,Von Der Empten,lvonderempteni3@bizjournals.com,South Korea,10/5/2025
653,Juana,Rottger,jrottgeri4@earthlink.net,Russia,7/11/2025
654,Katheryn,Semour,ksemouri5@reference.com,Japan,9/4/2025
655,Charin,Kasting,ckastingi6@theatlantic.com,Japan,12/16/2025
656,Genevieve,MacEveley,gmaceveleyi7@latimes.com,Ukraine,11/9/2025
657,Elihu,Trulock,etrulocki8@pagesperso-orange.fr,Russia,9/4/2025
658,Claybourne,Grayshan,cgrayshani9@bloglovin.com,Peru,4/7/2025
659,Frieda,Hullock,fhullockia@multiply.com,Peru,7/22/2025
660,Caro,Della Scala,cdellascalaib@networksolutions.com,Indonesia,3/9/2025
661,Mikkel,Bullocke,mbullockeic@tinypic.com,Tunisia,7/21/2025
662,Patti,Sutch,psutchid@home.pl,China,4/10/2025
663,Rochester,Quarles,rquarlesie@paginegialle.it,Myanmar,4/25/2025
664,Osmond,Stuchbury,ostuchburyif@blog.com,Ukraine,1/18/2026
665,Lorri,Wordley,lwordleyig@ameblo.jp,Philippines,9/1/2025
666,Ivory,Gudeman,igudemanih@thetimes.co.uk,United States,5/6/2025
667,Alvan,Uwins,auwinsii@archive.org,Myanmar,9/19/2025
668,Staci,Kingscott,skingscottij@time.com,United States,4/13/2025
669,Sophronia,Hurch,shurchik@ovh.net,Russia,9/11/2025
670,Romola,Offener,roffeneril@gmpg.org,China,9/19/2025
671,Cash,Petrovsky,cpetrovskyim@friendfeed.com,China,3/12/2025
672,Brunhilde,Foulgham,bfoulghamin@reuters.com,Portugal,10/21/2025
673,Bonnibelle,Raoult,braoultio@google.co.uk,Kenya,1/11/2026
674,Aileen,Bachs,abachsip@businessweek.com,Indonesia,3/9/2025
675,Saleem,Titterrell,stitterrelliq@cocolog-nifty.com,China,1/3/2026
676,Ruth,Zannelli,rzannelliir@usatoday.com,Russia,11/18/2025
677,Twyla,Kimbrough,tkimbroughis@trellian.com,Czech Republic,6/13/2025
678,Flynn,Askwith,faskwithit@cam.ac.uk,Indonesia,5/26/2025
679,Townsend,Croydon,tcroydoniu@google.fr,Philippines,2/6/2025
680,Vivyanne,Glanz,vglanziv@google.es,Argentina,12/4/2025
681,Bevin,Ower,boweriw@sina.com.cn,Madagascar,4/20/2025
682,Wenonah,Egdell,wegdellix@sbwire.com,Lithuania,11/26/2025
683,Eloise,Rouse,erouseiy@dailymotion.com,China,10/29/2025
684,Calvin,Swaine,cswaineiz@behance.net,Canada,5/17/2025
685,Timmie,Dollimore,tdollimorej0@zimbio.com,Cameroon,10/29/2025
686,Harwell,Sauven,hsauvenj1@epa.gov,Russia,4/8/2025
687,Darby,Stollmeyer,dstollmeyerj2@psu.edu,Colombia,11/3/2025
688,Clary,Staddart,cstaddartj3@linkedin.com,Indonesia,8/19/2025
689,Saunder,Boatswain,sboatswainj4@indiegogo.com,Philippines,12/5/2025
690,Valentine,Le Cornu,vlecornuj5@free.fr,Peru,12/2/2025
691,Caralie,Schimke,cschimkej6@tripadvisor.com,Brazil,1/24/2026
692,Lorelle,Vize,lvizej7@wired.com,Peru,6/1/2025
693,Kassia,Spours,kspoursj8@gnu.org,China,9/2/2025
694,Jeane,Reis,jreisj9@shinystat.com,Japan,5/18/2025
695,Cobby,Dewane,cdewaneja@slate.com,Bangladesh,2/22/2025
696,Winne,Heinschke,wheinschkejb@1688.com,Morocco,4/21/2025
697,Meade,Darling,mdarlingjc@epa.gov,Portugal,7/15/2025
698,Ximenes,Farman,xfarmanjd@imgur.com,Poland,1/18/2026
699,Darsie,Dubois,dduboisje@dell.com,Indonesia,10/23/2025
700,Ozzie,Finlayson,ofinlaysonjf@senate.gov,Russia,11/30/2025
701,Harlin,Krahl,hkrahljg@pbs.org,Czech Republic,7/3/2025
702,Rodie,Franey,rfraneyjh@printfriendly.com,China,2/14/2025
703,Giralda,Pottiphar,gpottipharji@marriott.com,Indonesia,12/10/2025
704,Harp,Sibbering,hsibberingjj@samsung.com,Malaysia,9/21/2025
705,Ninnetta,Stother,nstotherjk@odnoklassniki.ru,Iran,8/19/2025
706,Tibold,Harewood,tharewoodjl@hp.com,Poland,1/5/2026
707,Siward,Grzegorzewski,sgrzegorzewskijm@devhub.com,Latvia,5/7/2025
708,Derrick,Spurdens,dspurdensjn@cpanel.net,Pakistan,12/11/2025
709,Daryl,Lettice,dletticejo@google.de,Guatemala,10/15/2025
710,Victoir,Newiss,vnewissjp@house.gov,Ukraine,3/7/2025
711,Etienne,McKague,emckaguejq@xrea.com,China,1/30/2025
712,Dan,Coxhell,dcoxhelljr@pen.io,Germany,12/10/2025
713,Philippine,Harses,pharsesjs@tmall.com,Mongolia,8/26/2025
714,Sloan,Cicci,sciccijt@stanford.edu,China,9/30/2025
715,Regina,Staddart,rstaddartju@domainmarket.com,Colombia,8/22/2025
716,Hermann,Bartholomieu,hbartholomieujv@yellowpages.com,China,1/12/2026
717,Myrtie,Feeney,mfeeneyjw@theatlantic.com,China,1/16/2026
718,Farleigh,Geldeford,fgeldefordjx@devhub.com,Peru,2/12/2025
719,Boony,Levine,blevinejy@gravatar.com,Ecuador,10/14/2025
720,Franky,Caush,fcaushjz@storify.com,Russia,7/17/2025
721,Brand,Bettles,bbettlesk0@ustream.tv,Russia,10/27/2025
722,Rachelle,Kendal,rkendalk1@flavors.me,Poland,2/28/2025
723,Selestina,Circuit,scircuitk2@berkeley.edu,China,4/20/2025
724,Dulcine,Weepers,dweepersk3@ibm.com,Bangladesh,5/13/2025
725,Dayle,Fiander,dfianderk4@abc.net.au,France,3/11/2025
726,Keeley,Finci,kfincik5@example.com,South Korea,10/8/2025
727,Rutledge,Silcox,rsilcoxk6@blogs.com,Armenia,6/1/2025
728,Elston,Burnsall,eburnsallk7@ucla.edu,Russia,5/1/2025
729,Nicko,Lindermann,nlindermannk8@economist.com,Indonesia,8/23/2025
730,Kacie,Drackford,kdrackfordk9@qq.com,Brazil,12/18/2025
731,Annis,Aizkovitch,aaizkovitchka@tmall.com,China,10/26/2025
732,Thomasin,Kidds,tkiddskb@angelfire.com,United States,9/8/2025
733,Candie,Cartmel,ccartmelkc@constantcontact.com,Afghanistan,11/1/2025
734,Shani,Gerardot,sgerardotkd@icio.us,Bangladesh,3/16/2025
735,Jaimie,Flintiff,jflintiffke@goodreads.com,China,7/23/2025
736,Ruddie,Jeandet,rjeandetkf@tuttocitta.it,China,10/15/2025
737,Colas,Cathenod,ccathenodkg@cdc.gov,Philippines,3/23/2025
738,Sapphire,Halsey,shalseykh@surveymonkey.com,Sweden,1/18/2026
739,Sibyl,Apfel,sapfelki@fastcompany.com,Portugal,3/20/2025
740,Misty,Schimank,mschimankkj@liveinternet.ru,Kazakhstan,5/8/2025
741,Ozzie,FitzGeorge,ofitzgeorgekk@disqus.com,Indonesia,7/1/2025
742,Grantham,Orniz,gornizkl@ucsd.edu,Colombia,11/15/2025
743,Lucian,Hannis,lhanniskm@gizmodo.com,Brazil,10/30/2025
744,Kendricks,Gummoe,kgummoekn@xinhuanet.com,Pakistan,10/29/2025
745,Elvyn,Perrottet,eperrottetko@tinypic.com,Ethiopia,3/9/2025
746,Carce,Jaggar,cjaggarkp@ca.gov,China,1/25/2026
747,Mureil,Cobbin,mcobbinkq@statcounter.com,Indonesia,4/17/2025
748,Alvan,Giron,agironkr@yandex.ru,Madagascar,7/2/2025
749,Goldarina,Horbath,ghorbathks@nhs.uk,Honduras,8/27/2025
750,Cheslie,Ravenscraft,cravenscraftkt@europa.eu,Indonesia,8/14/2025
751,Matthaeus,Jewel,mjewelku@bing.com,Poland,10/18/2025
752,Kingsly,Cutmore,kcutmorekv@diigo.com,Indonesia,11/15/2025
753,Georgina,Kornacki,gkornackikw@fastcompany.com,Luxembourg,6/24/2025
754,Leisha,Storey,lstoreykx@friendfeed.com,Poland,4/5/2025
755,Winnie,Fontell,wfontellky@weather.com,Turkmenistan,3/10/2025
756,Corenda,Barnet,cbarnetkz@walmart.com,Brazil,3/28/2025
757,Rosamond,Mabbett,rmabbettl0@indiegogo.com,Brazil,2/22/2025
758,Townsend,Mowatt,tmowattl1@slashdot.org,Portugal,1/7/2026
759,Korey,Fuentez,kfuentezl2@salon.com,Indonesia,6/14/2025
760,Fionna,Isacq,fisacql3@dailymotion.com,China,12/8/2025
761,Minni,Oswell,moswelll4@dagondesign.com,China,9/24/2025
762,Luis,Durning,ldurningl5@yahoo.com,Russia,5/2/2025
763,Ruthanne,Layland,rlaylandl6@youtu.be,Philippines,12/31/2025
764,Jens,Foulstone,jfoulstonel7@narod.ru,France,8/19/2025
765,Aurel,Blunden,ablundenl8@senate.gov,Poland,7/21/2025
766,Selig,Schaffel,sschaffell9@oaic.gov.au,China,2/4/2025
767,Faydra,Izchaki,fizchakila@wisc.edu,Yemen,9/30/2025
768,Hodge,Brierly,hbrierlylb@wp.com,China,9/19/2025
769,Clemens,Charleston,ccharlestonlc@cisco.com,Kazakhstan,1/30/2025
770,Ericha,Manuaud,emanuaudld@msu.edu,China,11/7/2025
771,Annetta,Lent,alentle@ftc.gov,Russia,11/21/2025
772,Farrah,Timoney,ftimoneylf@hibu.com,Indonesia,7/8/2025
773,Annnora,Anglin,aanglinlg@ox.ac.uk,Czech Republic,11/10/2025
774,Constance,De Moreno,cdemorenolh@ezinearticles.com,Indonesia,3/25/2025
775,Austine,Cristea,acristeali@amazonaws.com,Poland,9/2/2025
776,Leanor,Lukianov,llukianovlj@arizona.edu,China,4/8/2025
777,Afton,Pauling,apaulinglk@flickr.com,Philippines,7/3/2025
778,Yoko,Heilds,yheildsll@tmall.com,Czech Republic,1/14/2026
779,Maryann,Doumerque,mdoumerquelm@drupal.org,Mongolia,8/29/2025
780,Fania,Atyeo,fatyeoln@bbb.org,China,11/15/2025
781,Sharleen,Bing,sbinglo@nature.com,Nigeria,8/4/2025
782,Laurie,Patriche,lpatrichelp@walmart.com,Sweden,3/31/2025
783,Xylina,Dobrowolny,xdobrowolnylq@hhs.gov,Armenia,2/22/2025
784,Lucienne,Karim,lkarimlr@fema.gov,Poland,6/22/2025
785,Isidro,Bullimore,ibullimorels@intel.com,Russia,3/24/2025
786,Jeff,Strafen,jstrafenlt@aboutads.info,Norway,5/3/2025
787,Silvan,Reinhart,sreinhartlu@nsw.gov.au,Portugal,6/10/2025
788,Blithe,Markwick,bmarkwicklv@google.fr,Djibouti,4/22/2025
789,Norine,Fiddeman,nfiddemanlw@yellowpages.com,Greece,7/25/2025
790,Vivi,Edmunds,vedmundslx@ebay.com,Bulgaria,10/3/2025
791,Edward,Esherwood,eesherwoodly@devhub.com,Estonia,1/22/2026
792,Zacherie,Writer,zwriterlz@nyu.edu,Syria,11/15/2025
793,Leonhard,Stiegers,lstiegersm0@delicious.com,China,12/1/2025
794,Ianthe,Kerss,ikerssm1@washington.edu,China,10/13/2025
795,Karissa,Bakeup,kbakeupm2@usda.gov,Netherlands,8/11/2025
796,Conny,Fraschini,cfraschinim3@vimeo.com,Philippines,12/2/2025
797,Brew,Duthie,bduthiem4@angelfire.com,Philippines,10/30/2025
798,Damara,Barradell,dbarradellm5@mysql.com,Philippines,3/2/2025
799,Dory,Ledgister,dledgisterm6@shareasale.com,China,8/25/2025
800,Suzy,Saich,ssaichm7@miitbeian.gov.cn,Portugal,10/11/2025
801,Gustaf,Youles,gyoulesm8@reverbnation.com,China,4/6/2025
802,Luca,Kas,lkasm9@4shared.com,Russia,12/26/2025
803,Fergus,Shovlar,fshovlarma@scribd.com,Brazil,1/24/2026
804,Johnathan,Bram,jbrammb@istockphoto.com,Uzbekistan,2/11/2025
805,Josefina,Balsellie,jbalselliemc@harvard.edu,Portugal,11/25/2025
806,Aurelie,Mahedy,amahedymd@163.com,Brazil,10/1/2025
807,Mortimer,Klimpke,mklimpkeme@elegantthemes.com,Morocco,8/24/2025
808,Selinda,Bourke,sbourkemf@wsj.com,Poland,7/8/2025
809,Lil,Verdun,lverdunmg@addtoany.com,Nigeria,10/21/2025
810,Ruben,Chastagnier,rchastagniermh@desdev.cn,China,1/12/2026
811,Silvanus,Moehle,smoehlemi@ehow.com,Indonesia,12/21/2025
812,Tabbatha,Duer,tduermj@yelp.com,Vietnam,7/28/2025
813,Christos,Crawshay,ccrawshaymk@biblegateway.com,Mongolia,4/6/2025
814,Byrle,Cappell,bcappellml@stumbleupon.com,France,8/19/2025
815,Horton,Mapletoft,hmapletoftmm@is.gd,Germany,5/9/2025
816,Holly-anne,Culleford,hcullefordmn@jimdo.com,Japan,6/25/2025
817,Elsworth,Pamphilon,epamphilonmo@posterous.com,Indonesia,1/6/2026
818,Mathilda,Moulton,mmoultonmp@craigslist.org,Costa Rica,11/5/2025
819,Tana,Aireton,tairetonmq@icq.com,Indonesia,11/13/2025
820,Ewen,Ingledow,eingledowmr@biglobe.ne.jp,Senegal,9/13/2025
821,Ann,Beaten,abeatenms@cdbaby.com,Thailand,1/2/2026
822,Giselbert,Lever,glevermt@vistaprint.com,Philippines,9/3/2025
823,Annelise,Cossentine,acossentinemu@freewebs.com,Indonesia,9/23/2025
824,Bryn,Consterdine,bconsterdinemv@tripadvisor.com,Philippines,5/19/2025
825,Maurene,Dykes,mdykesmw@gov.uk,Russia,5/27/2025
826,Aaren,Carle,acarlemx@japanpost.jp,China,9/25/2025
827,Paquito,Knottley,pknottleymy@google.pl,Nicaragua,4/26/2025
828,Bondie,Dunning,bdunningmz@nasa.gov,Poland,4/24/2025
829,Boris,Broschke,bbroschken0@slashdot.org,Philippines,2/28/2025
830,Rowena,Shapiro,rshapiron1@51.la,Russia,4/5/2025
831,Inna,Edgcumbe,iedgcumben2@irs.gov,Peru,6/28/2025
832,Happy,Bergeon,hbergeonn3@archive.org,China,1/1/2026
833,Corty,Sellack,csellackn4@flickr.com,Russia,11/1/2025
834,Dania,Pendry,dpendryn5@geocities.jp,Finland,4/20/2025
835,Caesar,Pill,cpilln6@parallels.com,Philippines,2/2/2025
836,Sabine,Asker,saskern7@wordpress.com,Ukraine,8/22/2025
837,Quincey,Muzzi,qmuzzin8@mapy.cz,China,4/15/2025
838,Elspeth,Morillas,emorillasn9@google.cn,China,3/21/2025
839,Brigitte,Lattka,blattkana@wikia.com,China,9/25/2025
840,Marilin,Garred,mgarrednb@angelfire.com,Russia,6/11/2025
841,Gayle,Ethridge,gethridgenc@umich.edu,Brazil,5/24/2025
842,Zak,Landeaux,zlandeauxnd@independent.co.uk,China,3/16/2025
843,Chrotoem,Ostrich,costrichne@g.co,Vietnam,11/20/2025
844,Coral,Geill,cgeillnf@constantcontact.com,Poland,2/23/2025
845,Belia,Eveling,bevelingng@google.it,Ukraine,8/31/2025
846,Thacher,Segot,tsegotnh@psu.edu,Brazil,9/23/2025
847,Shirlee,Bousquet,sbousquetni@yellowpages.com,Sweden,1/16/2026
848,Lavinie,Beaman,lbeamannj@shareasale.com,Dominican Republic,10/6/2025
849,Crista,Alentyev,calentyevnk@nba.com,Brazil,12/13/2025
850,Chaunce,Hawtry,chawtrynl@tinyurl.com,Mauritius,4/11/2025
851,Gloria,Bousler,gbouslernm@nationalgeographic.com,Nigeria,3/30/2025
852,Charlean,Waples,cwaplesnn@state.gov,Greece,10/9/2025
853,Tierney,Laskey,tlaskeyno@delicious.com,Czech Republic,9/21/2025
854,Haleigh,Haddrell,hhaddrellnp@narod.ru,Colombia,6/10/2025
855,Hayden,Gasperi,hgasperinq@bloglovin.com,Belgium,7/12/2025
856,Keven,Skyrme,kskyrmenr@scribd.com,China,3/16/2025
857,Jonis,Scranedge,jscranedgens@dedecms.com,Ukraine,5/31/2025
858,Madelene,Chiddy,mchiddynt@ted.com,China,11/19/2025
859,Rubie,Disbrey,rdisbreynu@comcast.net,China,8/31/2025
860,Kipp,Neads,kneadsnv@mapquest.com,Sweden,9/15/2025
861,Ryann,Joynes,rjoynesnw@indiatimes.com,Indonesia,11/9/2025
862,Roselia,Zottoli,rzottolinx@purevolume.com,Indonesia,6/9/2025
863,Terence,Casterton,tcastertonny@angelfire.com,Russia,12/8/2025
864,Dodi,Stokoe,dstokoenz@list-manage.com,China,10/1/2025
865,Melonie,Marley,mmarleyo0@diigo.com,Argentina,12/7/2025
866,Manny,Brabyn,mbrabyno1@bravesites.com,Indonesia,5/25/2025
867,Fairlie,Driussi,fdriussio2@intel.com,Portugal,10/2/2025
868,Joel,Ortell,jortello3@blinklist.com,Indonesia,1/5/2026
869,Johny,Debell,jdebello4@zimbio.com,Panama,8/25/2025
870,Jeremias,Smallsman,jsmallsmano5@disqus.com,China,11/25/2025
871,Ruthi,Dearl,rdearlo6@youtu.be,Lithuania,12/6/2025
872,Terrence,Debnam,tdebnamo7@si.edu,China,7/11/2025
873,Herbert,Piolli,hpiollio8@phpbb.com,China,3/28/2025
874,Maire,Lashley,mlashleyo9@mozilla.com,China,12/7/2025
875,Travus,Yersin,tyersinoa@1und1.de,Paraguay,1/18/2026
876,Hedda,Baptist,hbaptistob@vk.com,Morocco,1/1/2026
877,Babita,Buckler,bbuckleroc@usda.gov,China,2/28/2025
878,Gunilla,Kettlestringe,gkettlestringeod@foxnews.com,Luxembourg,9/28/2025
879,Bryn,Rusbridge,brusbridgeoe@51.la,Mauritania,7/28/2025
880,Aileen,Arkle,aarkleof@techcrunch.com,China,8/10/2025
881,Jule,Backson,jbacksonog@npr.org,France,3/7/2025
882,Etienne,Tranckle,etranckleoh@amazonaws.com,Sweden,1/10/2026
883,Madeleine,Lygoe,mlygoeoi@who.int,Afghanistan,3/3/2025
884,Christiano,Yetman,cyetmanoj@google.ru,Netherlands,11/30/2025
885,Rutherford,Bertomieu,rbertomieuok@arstechnica.com,Philippines,3/28/2025
886,Arleyne,Doles,adolesol@ezinearticles.com,China,3/21/2025
887,Trula,O'Leahy,toleahyom@jalbum.net,Ukraine,4/10/2025
888,Elene,McWaters,emcwaterson@livejournal.com,Russia,1/4/2026
889,Earl,Greger,egregeroo@devhub.com,Russia,7/6/2025
890,Alvin,Glison,aglisonop@dmoz.org,Russia,8/22/2025
891,Rey,Clifton,rcliftonoq@hao123.com,France,1/9/2026
892,Hillier,Foldes,hfoldesor@ebay.co.uk,Philippines,2/11/2025
893,Nicola,Swyre,nswyreos@mysql.com,Indonesia,9/18/2025
894,Mendel,Moysey,mmoyseyot@bigcartel.com,Brazil,8/27/2025
895,Major,Minot,mminotou@geocities.jp,Turkmenistan,6/19/2025
896,Ruttger,Bailey,rbaileyov@quantcast.com,Brazil,7/24/2025
897,Calvin,Brabbins,cbrabbinsow@typepad.com,China,3/27/2025
898,Golda,Malcolmson,gmalcolmsonox@sina.com.cn,Russia,12/15/2025
899,Rhetta,Rutherfoord,rrutherfoordoy@desdev.cn,Brazil,8/16/2025
900,Gwenette,Hegarty,ghegartyoz@wordpress.org,North Korea,8/21/2025
901,Malva,Jerrold,mjerroldp0@state.tx.us,China,1/14/2026
902,Darleen,Marcam,dmarcamp1@abc.net.au,Brazil,7/7/2025
903,Delmar,Atterley,datterleyp2@gravatar.com,China,9/13/2025
904,Karlis,Loughlan,kloughlanp3@virginia.edu,Dominican Republic,2/4/2025
905,Eileen,Terren,eterrenp4@globo.com,Portugal,4/18/2025
906,Aila,Gilchrest,agilchrestp5@icq.com,Honduras,8/25/2025
907,Evaleen,Gobeaux,egobeauxp6@mashable.com,China,5/14/2025
908,Sandy,Coneley,sconeleyp7@businessweek.com,China,7/7/2025
909,Abbe,Jameson,ajamesonp8@bing.com,Nigeria,10/12/2025
910,Pepi,Willock,pwillockp9@mysql.com,China,7/30/2025
911,Hendrika,Linsay,hlinsaypa@vk.com,Nigeria,6/25/2025
912,Morey,Wantling,mwantlingpb@netscape.com,Portugal,11/2/2025
913,Pearla,Bransom,pbransompc@chronoengine.com,Ukraine,8/12/2025
914,Jimmy,Parriss,jparrisspd@si.edu,United States,2/1/2025
915,Vernon,Carlaw,vcarlawpe@slashdot.org,France,3/3/2025
916,Theda,Youson,tyousonpf@google.ru,Indonesia,3/26/2025
917,Caspar,Ellard,cellardpg@simplemachines.org,Colombia,5/22/2025
918,Pinchas,Matusov,pmatusovph@edublogs.org,China,12/7/2025
919,Carmelia,Hunnicutt,chunnicuttpi@wordpress.org,Spain,8/22/2025
920,Diego,Albion,dalbionpj@google.it,China,11/21/2025
921,Lucho,Fardy,lfardypk@ucla.edu,Russia,10/30/2025
922,Mariel,Mundee,mmundeepl@youtube.com,Germany,8/15/2025
923,Michel,Gateland,mgatelandpm@bravesites.com,Myanmar,1/2/2026
924,Laural,Cottee,lcotteepn@army.mil,Yemen,1/5/2026
925,Scottie,Fouracre,sfouracrepo@vk.com,Brazil,2/6/2025
926,Paulie,Cridlon,pcridlonpp@biblegateway.com,China,8/29/2025
927,Betsy,Credland,bcredlandpq@plala.or.jp,Portugal,9/21/2025
928,Alie,Maydway,amaydwaypr@geocities.com,Malaysia,2/26/2025
929,Godfree,Fulbrook,gfulbrookps@delicious.com,Philippines,9/7/2025
930,Nolly,Spacie,nspaciept@google.de,Brazil,7/20/2025
931,Merci,Itzkovwich,mitzkovwichpu@chicagotribune.com,China,11/13/2025
932,Dorrie,Collete,dcolletepv@newsvine.com,Indonesia,6/28/2025
933,Latashia,Carillo,lcarillopw@studiopress.com,Kazakhstan,6/9/2025
934,Maxy,Jeanenet,mjeanenetpx@ed.gov,Russia,6/9/2025
935,Augie,Eidler,aeidlerpy@examiner.com,China,7/22/2025
936,Archer,Jardein,ajardeinpz@devhub.com,Peru,5/16/2025
937,Faber,Pomphrett,fpomphrettq0@list-manage.com,Indonesia,12/12/2025
938,Massimiliano,Gerardet,mgerardetq1@google.com.au,Bulgaria,2/11/2025
939,Corie,Garnett,cgarnettq2@unicef.org,South Africa,9/2/2025
940,Cori,Dwelly,cdwellyq3@apple.com,China,8/13/2025
941,Reeba,Megainey,rmegaineyq4@gmpg.org,Comoros,8/22/2025
942,Evered,Petrushka,epetrushkaq5@dailymotion.com,China,7/26/2025
943,Abagael,Verdie,averdieq6@mysql.com,China,1/18/2026
944,Edgard,Ruzic,eruzicq7@apple.com,China,3/21/2025
945,Livvy,Church,lchurchq8@acquirethisname.com,Bulgaria,12/31/2025
946,Levin,Eilert,leilertq9@cbslocal.com,Turkmenistan,3/10/2025
947,Hermia,Janew,hjanewqa@google.co.uk,Japan,12/19/2025
948,Harp,Arundale,harundaleqb@uol.com.br,France,5/16/2025
949,Axe,Simononsky,asimononskyqc@w3.org,Kosovo,1/18/2026
950,Kristyn,Selway,kselwayqd@bigcartel.com,Indonesia,2/6/2025
951,Far,Eustis,feustisqe@va.gov,Thailand,8/30/2025
952,Sheelah,Scowen,sscowenqf@thetimes.co.uk,Philippines,9/1/2025
953,Osbourn,Kem,okemqg@npr.org,Spain,2/14/2025
954,Debbi,Pikett,dpikettqh@icio.us,Brazil,5/23/2025
955,Bobine,Dammarell,bdammarellqi@elpais.com,China,4/15/2025
956,Cortney,Henrichs,chenrichsqj@nymag.com,Macedonia,4/23/2025
957,Stephannie,Ide,sideqk@photobucket.com,Portugal,8/2/2025
958,Hill,Stovine,hstovineql@nydailynews.com,Philippines,7/31/2025
959,Jolie,Olphert,jolphertqm@walmart.com,Croatia,2/24/2025
960,Adora,MacKim,amackimqn@intel.com,China,8/10/2025
961,Ameline,Melluish,amelluishqo@biblegateway.com,Indonesia,9/4/2025
962,Orelie,Pierton,opiertonqp@amazon.co.uk,Ukraine,5/9/2025
963,Rozalin,Poone,rpooneqq@spiegel.de,Finland,8/19/2025
964,Clarie,Maddrell,cmaddrellqr@xing.com,Afghanistan,8/10/2025
965,Kalinda,Bilson,kbilsonqs@cpanel.net,Japan,4/23/2025
966,Maxie,Freke,mfrekeqt@lycos.com,Russia,5/25/2025
967,Gibbie,Urvoy,gurvoyqu@yale.edu,Poland,12/9/2025
968,Jae,Castiglio,jcastiglioqv@sfgate.com,Greece,12/4/2025
969,Arney,Gosart,agosartqw@nature.com,Colombia,2/18/2025
970,Marjy,Normabell,mnormabellqx@techcrunch.com,Brazil,10/26/2025
971,Lillian,Hanwell,lhanwellqy@pbs.org,Afghanistan,9/26/2025
972,Christiana,Queyeiro,cqueyeiroqz@squarespace.com,Portugal,10/25/2025
973,Horatius,Barensen,hbarensenr0@mayoclinic.com,Peru,12/9/2025
974,Madelaine,Basnett,mbasnettr1@phpbb.com,Portugal,11/3/2025
975,Onida,Jahns,ojahnsr2@lycos.com,Mexico,2/11/2025
976,Karlen,Brugmann,kbrugmannr3@sina.com.cn,Armenia,2/17/2025
977,Glynis,French,gfrenchr4@springer.com,Canada,9/14/2025
978,Bary,Allsepp,ballseppr5@opensource.org,Iraq,1/2/2026
979,Fiorenze,Byham,fbyhamr6@disqus.com,Argentina,1/1/2026
980,Matteo,Collier,mcollierr7@goo.gl,Nigeria,1/30/2025
981,Joyous,Wadworth,jwadworthr8@si.edu,United States,1/23/2026
982,Belle,Cherrie,bcherrier9@mapy.cz,Japan,4/7/2025
983,Austin,Broun,abrounra@springer.com,Colombia,1/1/2026
984,Annora,Cushworth,acushworthrb@gov.uk,Sweden,7/17/2025
985,Morten,Bony,mbonyrc@youtu.be,Comoros,5/17/2025
986,Gawen,Casswell,gcasswellrd@aboutads.info,Greece,8/11/2025
987,Munmro,Guilloud,mguilloudre@yale.edu,Argentina,10/10/2025
988,Hewitt,Rasher,hrasherrf@youtu.be,Canada,10/17/2025
989,Ilario,Brockhouse,ibrockhouserg@google.com.hk,Russia,3/5/2025
990,Hanan,Janaud,hjanaudrh@ebay.com,China,4/29/2025
991,Randolph,Huzzay,rhuzzayri@163.com,France,9/2/2025
992,Emmi,St. Quentin,estquentinrj@netvibes.com,Tanzania,6/23/2025
993,Bondon,Denning,bdenningrk@jugem.jp,Bosnia and Herzegovina,10/13/2025
994,Antin,Lamanby,alamanbyrl@webnode.com,Greece,11/6/2025
995,Biddie,Lodden,bloddenrm@youtube.com,Greece,4/6/2025
996,Genia,Bolwell,gbolwellrn@shinystat.com,Russia,8/19/2025
997,Katha,Ellick,kellickro@odnoklassniki.ru,Colombia,12/29/2025
998,Ahmed,Bevens,abevensrp@github.io,Afghanistan,9/15/2025
999,Linoel,McCurry,lmccurryrq@facebook.com,Sweden,12/13/2025
1000,Consuelo,Rihanek,crihanekrr@t-online.de,Japan,12/21/2025
